{
  "project_info": {
    "project_number": "559992313845",
    "project_id": "recipes-project-eefcf",
    "storage_bucket": "recipes-project-eefcf.appspot.com"
  },
  "client": [
    {
      "client_info": {
        "mobilesdk_app_id": "1:559992313845:android:598245cbd65f9b54ac32bc",
        "android_client_info": {
          "package_name": "com.example.theproject"
        }
      },
      "oauth_client": [],
      "api_key": [
        {
          "current_key": "AIzaSyBL-eGl767DIYazsLg3AlWVBpoL6Siz4_E"
        }
      ],
      "services": {
        "appinvite_service": {
          "other_platform_oauth_client": []
        }
      }
    }
  ],
  "configuration_version": "1"
}